event_id,duration1,duration2,duration3,duration4,duration5,duration6
2027-01-14-SnowCamp 2027,talk:20,talk:45,workshop:120
2027-01-18-Data Community Day Austria 2027,talk:60
2027-01-23-PHPBenelux,talk:40
2027-02-04-Cloud Tech Tallinn 2027,talk:45
2027-02-08-Jfokus 2027,talk:15,talk:40,talk:45,talk:90
2027-02-09-ELDK27 - Experts Live Denmark,talk:60
2027-02-20-DDD Melbourne 2027,talk:20,workshop:105
2027-02-22-SQL Konferenz 2027,talk:60
2027-02-24-PlatformCon Live Day San Francisco,talk:25
2027-02-24-Norfolk Developers Conference 2027,talk:5,talk:40,workshop:half-day,workshop:full-day
2027-02-24-Confoo 2027,talk:45
2027-02-25-Elastic{ON},talk:30
2027-03-02-JavaLand,talk:40,talk:105
2027-03-09-Incontro DevOps Italia (IDI) 2027,talk:40
2027-03-09-INTED,talk:15
2027-03-15-Buildpacks Summit Europe 2027,talk:10,talk:25
2027-03-15-Cloud Native AI + Inference Day Europe 2027,talk:10,talk:25
2027-03-15-Open Sovereign AI + Cloud Day Europe 2027,talk:10,talk:25
2027-03-15-KubeCon + CloudNativeCon Europe 2027,talk:5,talk:30
2027-03-23-Elastic{ON},talk:30
2027-04-05-dev/nexus,talk:55,workshop:360
2027-04-05-PowerShell Summit 2027,talk:25,talk:45,talk:90,workshop:240
2027-04-13-Analytics and Data Summit 2027,talk:45
2027-04-27-Great International Developer Summit (GIDS),talk:30,talk:60
2027-05-24-Planview Connect 2027,talk:30
2027-03-22-DrupalCon Orlando,talk:10,talk:50
2027-04-25-STAREAST 2027,talk:60
2027-06-06-AI Con USA 2027,talk:45
2026-01-10-wwktm: AI Conf 2026,talk:10,talk:25
2026-01-14-SnowCamp 2026,talk:20,talk:45,talk:180,workshop:180
2026-01-22-DevCon #26 : sécurité / post-quantique / hacking,talk:45,talk:300
2026-01-23-AICD - São Paulo 2026,talk:30,workshop:120
2026-01-29-Epitech Summit 2026 - Paris,talk:20,talk:30,talk:45,workshop:120,workshop:240
2026-01-31-M365 Saturday, Pune 2026 (In-Person),talk:60
2026-02-01-Cloud Native Valencia,talk:10,talk:30,workshop:45
2026-02-02-CfgMgmtCamp 2026 Ghent,talk:25,talk:45,workshop:480
2026-02-02-Epitech Summit 2026 - Moulins,talk:20,talk:30,talk:45,workshop:120,workshop:240
2026-02-03-Swetugg Stockholm 2026,talk:50
2026-02-03-Epitech Summit 2026 - La Réunion,talk:20,talk:30,talk:45,workshop:120,workshop:240
2026-02-03-Epitech Summit 2026 - Lille,talk:20,talk:30,talk:45,workshop:120,workshop:240
2026-02-03-Epitech Summit 2026 - Mulhouse,talk:20,talk:30,talk:45,workshop:120,workshop:240
2026-02-03-Epitech Summit 2026 - Nancy,talk:20,talk:30,talk:45,workshop:120,workshop:240
2026-02-03-Epitech Summit 2026 - Nantes,talk:20,talk:30,talk:45,workshop:120,workshop:240
2026-02-03-Epitech Summit 2026 - Marseille,talk:20,talk:30,talk:45,workshop:120,workshop:240
2026-02-03-Epitech Summit 2026 - Rennes,talk:20,talk:30,talk:45,workshop:120,workshop:240
2026-02-03-Epitech Summit 2026 - Montpellier,talk:20,talk:30,talk:45,workshop:120,workshop:240
2026-02-03-Epitech Summit 2026 - Strasbourg,talk:20,talk:30,talk:45,workshop:120,workshop:240
2026-02-03-Epitech Summit 2026 - Toulouse,talk:20,talk:30,talk:45,workshop:120,workshop:240
2026-02-04-Epitech Summit 2026 - Bordeaux,talk:20,talk:30,talk:45,workshop:120,workshop:240
2026-02-04-Epitech Summit 2026 - Lyon,talk:20,talk:30,talk:45,workshop:120,workshop:240
2026-02-04-Epitech Summit 2026 - Nice,talk:20,talk:30,talk:45,workshop:120,workshop:240
2026-02-04-Fabric February 2026,workshop:45
2026-02-05-Web Days Convention,talk:45
2026-02-11-Container Days London,talk:15,talk:35,workshop:180
2026-02-12-CityJS New Delhi,talk:30
2026-02-12-Touraine Tech #26,talk:50,workshop:120
2026-02-17-Global Power Platform Bootcamp Houston 2026,talk:50,workshop:110
2026-02-20-Global Power Platform Bootcamp Barcelona 2026,workshop:45,workshop:240
2026-02-21-AgentCon Bangkok,talk:45,workshop:90
2026-02-21-Global Security Tour 2026 | Microsoft Keynote + Women in Tech + Hackathon,talk:45
2026-02-21-Global Power Platform Bootcamp Istanbul 2026,talk:10,talk:40,talk:50,workshop:110
2026-02-21-Global Power Platform Bootcamp, Ahmedabad 2026 (In-Person),talk:120
2026-02-21-Global Power Platform & Agent Bootcamp 2026 - Colombo,talk:10,talk:35,talk:45
2026-02-21-Global Power Platform Bootcamp, Pune 2026 (In-Person),talk:60
2026-02-24-Azure AI Winter Jam,talk:30
2026-02-25-Norfolk Developers Conference 2026,talk:40,talk:180
2026-02-26-Cloud Native Birmingham Online Meetup: Kicking Off 2026 Together,talk:30
2026-02-26-AI Memory and Founders Night,talk:30
2026-02-28-SharePoint at 25: A Legacy of Collaboration,talk:45
2026-02-28-AWS User Group Trichy – Inaugural Meetup (Online Edition),talk:15
2026-02-28-SECCON 14 OpenConference,talk:20
2026-01-31-TechMang 2026,talk:25
2026-03-05-Planet Nix 2026,talk:5,talk:25,talk:45,workshop:90
2026-03-06-BSidesZagreb 2026,talk:40
2026-03-06-Break the Pattern: Disrupt, Lead, Inspire,talk:5,talk:20
2026-03-07-Data Saturday Romania 2026,talk:50
2026-03-07-Microsoft Purview and Defender Days, 2026,talk:45
2026-03-09-AgentCon New York,talk:45,workshop:90
2026-03-09-DataPopkorn - a bite-sized knowledge! (2026),talk:5
2026-03-10-Dutch PHP Conference 2026,talk:35,talk:45
2026-03-10-Appdevcon Conference 2026,talk:35,talk:45
2026-03-10-Webdevcon Conference 2026,talk:35,talk:45
2026-03-12-AzureDay Poland 2026,talk:45
2026-03-12-Modern Business Building with Microsoft Dynamics 365 and AI,talk:30
2026-03-13-Security BSidesLjubljana 0x7EA,talk:20
2026-03-14-Data & AI Community Day Durban: AI Unplugged,talk:20,talk:50
2026-03-14-AgentCon Toronto,talk:45,workshop:90
2026-03-14-AgentCamp Barcelona 2026,talk:50
2026-03-14-AgentCamp - Coimbatore,talk:30
2026-03-16-FOSS Backstage,talk:30,workshop:60
2026-03-16-HPSF Conference,talk:35
2026-03-17-Programmable 2026 - Melbourne,talk:20,talk:40
2026-03-18-Agile Niort 2026,talk:55
2026-03-18-North America MCT Summit 2026,talk:60
2026-03-19-Programmable 2026 - Sydney,talk:20,talk:40
2026-03-20-Atlantique Day 2026,talk:40
2026-03-21-International Women's Day Kisii 2026 - Breaking the Pattern,talk:30,workshop:30
2026-03-21-SQL Saturday Atlanta 2026 - AI & BI,talk:10,talk:60
2026-03-21-Code Camp Wellington 2026,talk:10
2026-03-21-Security BSides Sofia 2026,talk:45
2026-03-22-Agentic Conf Hamburg,talk:10
2026-03-23-SRECon 26 Americas,talk:15
2026-03-23-KubeCon + CloudNativeCon Europe 2026,talk:5,talk:30,talk:80
2026-03-26-Data Days Lille,talk:50
2026-03-26-Swiss Testing Day 2026,talk:30,talk:60,workshop:60
2026-03-27-DevConf 2026,talk:20
2026-03-28-BSides Belgrade 2026,talk:5,talk:15,talk:25,talk:45
2026-03-31-ParisTestConf,talk:45,workshop:45
2026-04-01-M365 COMMUNITY DAYS QUEBEC 2026,talk:45
2026-04-02-MCP Dev Summit,talk:25
2026-04-02-Xen Spring Meetup 2026,talk:30
2026-04-07-AgentCon Seoul,talk:10,talk:45,workshop:90
2026-04-08-Microsoft JDConf 2026,talk:5,talk:25
2026-04-09-Android Makers by droidcon 2026,talk:20,talk:40
2026-04-11-AgentCon Hong Kong,talk:10,talk:45,workshop:90
2026-04-13-Global AI Milwaukee AgentCamp 2026,talk:50,workshop:180
2026-04-13-Spring I/O 2026,workshop:120
2026-04-14-Open Source in Finance Forum Toronto,talk:15,talk:30
2026-04-15-AI in The New Era,talk:30
2026-04-15-NODES AI,talk:25,talk:120
2026-04-15-ColorCloud Hamburg 2026,talk:45
2026-04-16-Lost in a Lightfield Online Conference 2026,talk:20
2026-04-16-L8Conf,talk:15
2026-04-16-SUGCON Europe 2026,talk:15,talk:45
2026-04-16-OWASP SnowFROC 2026 - CFP,talk:25
2026-04-17-Global Azure Bootcamp Singapore 2026,talk:45,talk:60
2026-04-17-Build With AI Kivu & Bukavu,talk:120
2026-04-18-Global Azure 2026 - Coimbatore,talk:15
2026-04-18-Global Azure Bootcamp 2026 Atlanta,talk:30,workshop:45
2026-04-18-Global Azure Angola 2026,talk:40
2026-04-18-GlobalAzure Bootcamp 2026 - Wellington NZ,talk:20,talk:60,workshop:120
2026-04-18-Build With AI Owerri 2026,talk:30
2026-04-18-Global Azure  2026 - Chennai,talk:45
2026-04-20-JCON EUROPE 2026,talk:15,talk:20,talk:35,talk:45
2026-04-20-MLcon Amsterdam,talk:25,talk:45,talk:120
2026-04-20-DevOpsCon Amsterdam,talk:25,talk:45,talk:120
2026-04-21-GS UK Virtual 2026,talk:45
2026-04-21-KCD Panama 2026,talk:5,talk:25
2026-04-22-AgentCon London,talk:45,workshop:90
2026-04-22-ElixirConf EU 2026,talk:40
2026-04-23-BSides Manama Community Meetup 001,talk:5,talk:10,talk:15
2026-04-23-Security BSides Prague 2026,talk:5
2026-04-24-Open Source Day 2026,talk:45
2026-04-25-AgentCamp, Pune 2026 (In-Person),talk:45
2026-04-25-AI Mobile Hackathon AI Expert Session,talk:60
2026-04-25-ÖzgürKon 2026 III. International Free Software Conference,talk:50
2026-04-30-Blue Ridge Ruby 2026,talk:30
2026-05-01-Stir Trek 2026,talk:45
2026-05-01-Day of Data Jacksonville 2026,talk:60
2026-05-02-Devfest Georgia 2026,talk:35
2026-05-03-WiDS TLV 2026,talk:10,talk:30
2026-05-04-AgentCon San Francisco,talk:45,workshop:90
2026-05-05-LangTalks AI Engineering Conference 2026,talk:30
2026-05-05-Devopsdays Austin,talk:5,talk:20,talk:90
2026-05-06-AgentCon - Raleigh,talk:45,workshop:90
2026-05-06-DevOpsDays Zurich 2026,talk:5,talk:25
2026-05-06-Security BSides Luxembourg,talk:30
2026-05-07-aMP Day Luxembourg 2026,talk:45
2026-05-07-Unlocked Seattle,talk:30
2026-05-08-New Stars of Data #10,talk:60
2026-05-11-Techorama Belgium,talk:60
2026-05-11-LACNIC 45,talk:40
2026-05-13-KCD Toronto 2026,talk:10,talk:25
2026-05-14-AI Security Summit - London,talk:20
2026-05-14-IaCConf,talk:10,talk:30,talk:40
2026-05-14-GeeCon,talk:15,talk:50
2026-05-15-MN Microsoft 365 User Group,talk:25,workshop:120
2026-05-15-BSides Nashville 2026,workshop:60
2026-05-15-AgentCon Rome,talk:45,workshop:90
2026-05-15-KCD Istanbul 2026,talk:30
2026-05-16-AgentCamp Bangkok,talk:25,talk:60
2026-05-17-MSPGeekCon 2026,talk:15,talk:30,talk:45
2026-05-18-Code BEAM Lite Stockholm 2026,talk:25
2026-05-18-AgentCon Nairobi,talk:45,workshop:90
2026-05-18-Cloud Native Days Romania,talk:5,talk:30,workshop:90
2026-05-18-Cloud Native Days Italy,talk:5,talk:25
2026-05-18-Budapest Data+AI Forum 2026,talk:80
2026-05-19-Ai-fokus,talk:40,talk:45
2026-05-19-AgentCon Berlin,talk:45,workshop:90
2026-05-19-AI fokus 2026,talk:40,talk:45
2026-05-20-KotlinConf 2026,talk:45
2026-05-20-GopherCon Singapore 2026,talk:20,talk:35
